Year,Strata,Strata Name,County,Total Admits (ICD-9),30-day Readmits (ICD-9),30-day Readmission Rate (ICD-9),Total Admits (ICD-10),30-day Readmits (ICD-10),30-day Readmission Rate (ICD-10)
2011,Overall,Overall,State,1948641.0,272268.0,14%,,,
2011,Age,18 to 44 years,State,326070.0,36855.0,11.30%,,,
2011,Age,45 to 64 years,State,659801.0,90891.0,13.80%,,,
2011,Age,65 years and above,State,962771.0,144522.0,15%,,,
2011,Sex,Male,State,901776.0,132417.0,14.70%,,,
2011,Sex,Female,State,1046865.0,139851.0,13.40%,,,
2011,Race-Ethnicity,White,State,1127791.0,150492.0,13.30%,,,
2011,Race-Ethnicity,Hispanic,State,416845.0,58534.0,14%,,,
2011,Race-Ethnicity,African-American,State,190344.0,34566.0,18.20%,,,
2011,Race-Ethnicity,Asian/Pacific Islander,State,147502.0,20294.0,13.80%,,,
2011,Race-Ethnicity,Native American,State,5389.0,714.0,13.20%,,,
2011,Race-Ethnicity,Other/Unknown,State,60771.0,7668.0,12.60%,,,
2011,Expected Payer,MediCare,State,1020088.0,162185.0,15.90%,,,
2011,Expected Payer,Medi-Cal,State,252872.0,44936.0,17.80%,,,
2011,Expected Payer,Private,State,494787.0,48258.0,9.80%,,,
2011,Expected Payer,Self-Pay,State,75026.0,6563.0,8.70%,,,
2011,Expected Payer,Other,State,105869.0,10326.0,9.80%,,,
2011,Overall,Overall,Alameda,75103.0,11377.0,15.10%,,,
2011,Overall,Overall,Alpine,13.0,1.0,7.70%,,,
2011,Overall,Overall,Amador,2657.0,345.0,13%,,,
2011,Overall,Overall,Butte,20422.0,3198.0,15.70%,,,
2011,Overall,Overall,Calaveras,3253.0,392.0,12.10%,,,
2011,Overall,Overall,Colusa,1113.0,132.0,11.90%,,,
2011,Overall,Overall,Contra Costa,55458.0,7580.0,13.70%,,,
2011,Overall,Overall,Del Norte,1455.0,206.0,14.20%,,,
2011,Overall,Overall,El Dorado,9890.0,1305.0,13.20%,,,
2011,Overall,Overall,Fresno,49558.0,6865.0,13.90%,,,
2011,Overall,Overall,Glenn,1745.0,209.0,12%,,,
2011,Overall,Overall,Humboldt,7053.0,686.0,9.70%,,,
2011,Overall,Overall,Imperial,9140.0,1194.0,13.10%,,,
2011,Overall,Overall,Inyo,794.0,57.0,7.20%,,,
2011,Overall,Overall,Kern,46535.0,6514.0,14%,,,
2011,Overall,Overall,Kings,7388.0,1011.0,13.70%,,,
2011,Overall,Overall,Lake,5843.0,893.0,15.30%,,,
2011,Overall,Overall,Lassen,1151.0,108.0,9.40%,,,
2011,Overall,Overall,Los Angeles,534319.0,83066.0,15.50%,,,
2011,Overall,Overall,Madera,7137.0,888.0,12.40%,,,
2011,Overall,Overall,Marin,12210.0,1414.0,11.60%,,,
2011,Overall,Overall,Mariposa,1160.0,144.0,12.40%,,,
2011,Overall,Overall,Mendocino,5360.0,653.0,12.20%,,,
2011,Overall,Overall,Merced,12482.0,1754.0,14.10%,,,
2011,Overall,Overall,Modoc,405.0,38.0,9.40%,,,
2011,Overall,Overall,Mono,245.0,17.0,6.90%,,,
2011,Overall,Overall,Monterey,18178.0,1973.0,10.90%,,,
2011,Overall,Overall,Napa,8444.0,1251.0,14.80%,,,
2011,Overall,Overall,Nevada,6098.0,782.0,12.80%,,,
2011,Overall,Overall,Orange,137953.0,18428.0,13.40%,,,
2011,Overall,Overall,Placer,18464.0,2258.0,12.20%,,,
2011,Overall,Overall,Plumas,1098.0,151.0,13.80%,,,
2011,Overall,Overall,Riverside,110802.0,14936.0,13.50%,,,
2011,Overall,Overall,Sacramento,76052.0,10610.0,14%,,,
2011,Overall,Overall,San Benito,2806.0,375.0,13.40%,,,
2011,Overall,Overall,San Bernardino,105064.0,14941.0,14.20%,,,
2011,Overall,Overall,San Diego,157874.0,21258.0,13.50%,,,
2011,Overall,Overall,San Francisco,39616.0,5620.0,14.20%,,,
2011,Overall,Overall,San Joaquin,35737.0,4914.0,13.80%,,,
2011,Overall,Overall,San Luis Obispo,14239.0,1603.0,11.30%,,,
2011,Overall,Overall,San Mateo,29726.0,3701.0,12.50%,,,
2011,Overall,Overall,Santa Barbara,18297.0,1963.0,10.70%,,,
2011,Overall,Overall,Santa Clara,68595.0,9076.0,13.20%,,,
2011,Overall,Overall,Santa Cruz,11076.0,1222.0,11%,,,
2011,Overall,Overall,Shasta,15075.0,1739.0,11.50%,,,
2011,Overall,Overall,Sierra,182.0,26.0,14.30%,,,
2011,Overall,Overall,Siskiyou,2376.0,201.0,8.50%,,,
2011,Overall,Overall,Solano,20548.0,2850.0,13.90%,,,
2011,Overall,Overall,Sonoma,23404.0,2757.0,11.80%,,,
2011,Overall,Overall,Stanislaus,30837.0,4278.0,13.90%,,,
2011,Overall,Overall,Sutter,5851.0,720.0,12.30%,,,
2011,Overall,Overall,Tehama,3509.0,421.0,12%,,,
2011,Overall,Overall,Trinity,1038.0,154.0,14.80%,,,
2011,Overall,Overall,Tulare,23641.0,3258.0,13.80%,,,
2011,Overall,Overall,Tuolumne,4131.0,521.0,12.60%,,,
2011,Overall,Overall,Ventura,42145.0,5195.0,12.30%,,,
2011,Overall,Overall,Yolo,7620.0,904.0,11.90%,,,
2011,Overall,Overall,Yuba,4902.0,724.0,14.80%,,,
2012,Overall,Overall,State,1905961.0,263431.0,13.80%,,,
2012,Age,18 to 44 years,State,318458.0,36818.0,11.60%,,,
2012,Age,45 to 64 years,State,645384.0,89020.0,13.80%,,,
2012,Age,65 years and above,State,942119.0,137593.0,14.60%,,,
2012,Sex,Male,State,892006.0,129377.0,14.50%,,,
2012,Sex,Female,State,1013955.0,134054.0,13.20%,,,
2012,Race-Ethnicity,White,State,1086174.0,143344.0,13.20%,,,
2012,Race-Ethnicity,Hispanic,State,426051.0,59594.0,14%,,,
2012,Race-Ethnicity,African-American,State,184109.0,32604.0,17.70%,,,
2012,Race-Ethnicity,Asian/Pacific Islander,State,144598.0,19494.0,13.50%,,,
2012,Race-Ethnicity,Native American,State,5727.0,818.0,14.30%,,,
2012,Race-Ethnicity,Other/Unknown,State,59302.0,7577.0,12.80%,,,
2012,Expected Payer,MediCare,State,1001655.0,155200.0,15.50%,,,
2012,Expected Payer,Medi-Cal,State,250143.0,44870.0,17.90%,,,
2012,Expected Payer,Private,State,466366.0,45431.0,9.70%,,,
2012,Expected Payer,Self-Pay,State,71327.0,5842.0,8.20%,,,
2012,Expected Payer,Other,State,116470.0,12088.0,10.40%,,,
2012,Overall,Overall,Alameda,72083.0,10448.0,14.50%,,,
2012,Overall,Overall,Alpine,10.0,0.0,0%,,,
2012,Overall,Overall,Amador,2775.0,411.0,14.80%,,,
2012,Overall,Overall,Butte,20895.0,3279.0,15.70%,,,
2012,Overall,Overall,Calaveras,3218.0,432.0,13.40%,,,
2012,Overall,Overall,Colusa,1125.0,179.0,15.90%,,,
2012,Overall,Overall,Contra Costa,55974.0,7733.0,13.80%,,,
2012,Overall,Overall,Del Norte,1411.0,168.0,11.90%,,,
2012,Overall,Overall,El Dorado,9993.0,1350.0,13.50%,,,
2012,Overall,Overall,Fresno,48216.0,6769.0,14%,,,
2012,Overall,Overall,Glenn,1772.0,245.0,13.80%,,,
2012,Overall,Overall,Humboldt,7180.0,743.0,10.30%,,,
2012,Overall,Overall,Imperial,8957.0,1339.0,14.90%,,,
2012,Overall,Overall,Inyo,787.0,61.0,7.80%,,,
2012,Overall,Overall,Kern,43650.0,5926.0,13.60%,,,
2012,Overall,Overall,Kings,6903.0,911.0,13.20%,,,
2012,Overall,Overall,Lake,5559.0,800.0,14.40%,,,
2012,Overall,Overall,Lassen,1081.0,138.0,12.80%,,,
2012,Overall,Overall,Los Angeles,517164.0,79235.0,15.30%,,,
2012,Overall,Overall,Madera,6823.0,806.0,11.80%,,,
2012,Overall,Overall,Marin,11917.0,1354.0,11.40%,,,
2012,Overall,Overall,Mariposa,1097.0,111.0,10.10%,,,
2012,Overall,Overall,Mendocino,5333.0,648.0,12.20%,,,
2012,Overall,Overall,Merced,11481.0,1635.0,14.20%,,,
2012,Overall,Overall,Modoc,413.0,46.0,11.10%,,,
2012,Overall,Overall,Mono,248.0,23.0,9.30%,,,
2012,Overall,Overall,Monterey,17916.0,1916.0,10.70%,,,
2012,Overall,Overall,Napa,8202.0,1153.0,14.10%,,,
2012,Overall,Overall,Nevada,5879.0,717.0,12.20%,,,
2012,Overall,Overall,Orange,137256.0,18165.0,13.20%,,,
2012,Overall,Overall,Placer,18788.0,2238.0,11.90%,,,
2012,Overall,Overall,Plumas,870.0,100.0,11.50%,,,
2012,Overall,Overall,Riverside,110558.0,14965.0,13.50%,,,
2012,Overall,Overall,Sacramento,74683.0,10124.0,13.60%,,,
2012,Overall,Overall,San Benito,2595.0,314.0,12.10%,,,
2012,Overall,Overall,San Bernardino,104267.0,14826.0,14.20%,,,
2012,Overall,Overall,San Diego,154878.0,20519.0,13.20%,,,
2012,Overall,Overall,San Francisco,39423.0,5738.0,14.60%,,,
2012,Overall,Overall,San Joaquin,34783.0,4833.0,13.90%,,,
2012,Overall,Overall,San Luis Obispo,13129.0,1416.0,10.80%,,,
2012,Overall,Overall,San Mateo,29701.0,3652.0,12.30%,,,
2012,Overall,Overall,Santa Barbara,18375.0,1956.0,10.60%,,,
2012,Overall,Overall,Santa Clara,67166.0,8898.0,13.20%,,,
2012,Overall,Overall,Santa Cruz,11000.0,1236.0,11.20%,,,
2012,Overall,Overall,Shasta,13926.0,1615.0,11.60%,,,
2012,Overall,Overall,Sierra,127.0,18.0,14.20%,,,
2012,Overall,Overall,Siskiyou,2351.0,189.0,8%,,,
2012,Overall,Overall,Solano,20450.0,2812.0,13.80%,,,
2012,Overall,Overall,Sonoma,22853.0,2637.0,11.50%,,,
2012,Overall,Overall,Stanislaus,30191.0,4083.0,13.50%,,,
2012,Overall,Overall,Sutter,6078.0,766.0,12.60%,,,
2012,Overall,Overall,Tehama,3494.0,458.0,13.10%,,,
2012,Overall,Overall,Trinity,945.0,124.0,13.10%,,,
2012,Overall,Overall,Tulare,22013.0,2974.0,13.50%,,,
2012,Overall,Overall,Tuolumne,4012.0,503.0,12.50%,,,
2012,Overall,Overall,Ventura,40670.0,4831.0,11.90%,,,
2012,Overall,Overall,Yolo,7462.0,945.0,12.70%,,,
2012,Overall,Overall,Yuba,4898.0,685.0,14%,,,
2013,Overall,Overall,State,1861345.0,253497.0,13.60%,,,
2013,Age,18 to 44 years,State,301875.0,35056.0,11.60%,,,
2013,Age,45 to 64 years,State,624032.0,85059.0,13.60%,,,
2013,Age,65 years and above,State,935438.0,133382.0,14.30%,,,
2013,Sex,Male,State,880727.0,126320.0,14.30%,,,
2013,Sex,Female,State,980618.0,127177.0,13%,,,
2013,Race-Ethnicity,White,State,1055454.0,137269.0,13%,,,
2013,Race-Ethnicity,Hispanic,State,419755.0,57734.0,13.80%,,,
2013,Race-Ethnicity,African-American,State,176708.0,30804.0,17.40%,,,
2013,Race-Ethnicity,Asian/Pacific Islander,State,145024.0,19589.0,13.50%,,,
2013,Race-Ethnicity,Native American,State,5745.0,803.0,14%,,,
2013,Race-Ethnicity,Other/Unknown,State,58659.0,7298.0,12.40%,,,
2013,Expected Payer,MediCare,State,996331.0,150578.0,15.10%,,,
2013,Expected Payer,Medi-Cal,State,248917.0,43643.0,17.50%,,,
2013,Expected Payer,Private,State,432777.0,41667.0,9.60%,,,
2013,Expected Payer,Self-Pay,State,64227.0,5148.0,8%,,,
2013,Expected Payer,Other,State,119093.0,12461.0,10.50%,,,
2013,Overall,Overall,Alameda,67673.0,9761.0,14.40%,,,
2013,Overall,Overall,Alpine,9.0,0.0,0%,,,
2013,Overall,Overall,Amador,2616.0,357.0,13.60%,,,
2013,Overall,Overall,Butte,21019.0,3383.0,16.10%,,,
2013,Overall,Overall,Calaveras,3160.0,418.0,13.20%,,,
2013,Overall,Overall,Colusa,1054.0,128.0,12.10%,,,
2013,Overall,Overall,Contra Costa,54166.0,7369.0,13.60%,,,
2013,Overall,Overall,Del Norte,1424.0,193.0,13.60%,,,
2013,Overall,Overall,El Dorado,9982.0,1288.0,12.90%,,,
2013,Overall,Overall,Fresno,48385.0,6770.0,14%,,,
2013,Overall,Overall,Glenn,1695.0,238.0,14%,,,
2013,Overall,Overall,Humboldt,7185.0,754.0,10.50%,,,
2013,Overall,Overall,Imperial,8325.0,1189.0,14.30%,,,
2013,Overall,Overall,Inyo,722.0,34.0,4.70%,,,
2013,Overall,Overall,Kern,41048.0,5473.0,13.30%,,,
2013,Overall,Overall,Kings,6558.0,922.0,14.10%,,,
2013,Overall,Overall,Lake,5456.0,802.0,14.70%,,,
2013,Overall,Overall,Lassen,988.0,91.0,9.20%,,,
2013,Overall,Overall,Los Angeles,495144.0,73527.0,14.80%,,,
2013,Overall,Overall,Madera,6855.0,874.0,12.70%,,,
2013,Overall,Overall,Marin,11477.0,1220.0,10.60%,,,
2013,Overall,Overall,Mariposa,1016.0,106.0,10.40%,,,
2013,Overall,Overall,Mendocino,5355.0,612.0,11.40%,,,
2013,Overall,Overall,Merced,11581.0,1614.0,13.90%,,,
2013,Overall,Overall,Modoc,365.0,41.0,11.20%,,,
2013,Overall,Overall,Mono,249.0,15.0,6%,,,
2013,Overall,Overall,Monterey,17588.0,2002.0,11.40%,,,
2013,Overall,Overall,Napa,7829.0,1068.0,13.60%,,,
2013,Overall,Overall,Nevada,5831.0,774.0,13.30%,,,
2013,Overall,Overall,Orange,133419.0,17189.0,12.90%,,,
2013,Overall,Overall,Placer,18470.0,2139.0,11.60%,,,
2013,Overall,Overall,Plumas,828.0,92.0,11.10%,,,
2013,Overall,Overall,Riverside,110940.0,14914.0,13.40%,,,
2013,Overall,Overall,Sacramento,77051.0,10602.0,13.80%,,,
2013,Overall,Overall,San Benito,2616.0,335.0,12.80%,,,
2013,Overall,Overall,San Bernardino,104088.0,14890.0,14.30%,,,
2013,Overall,Overall,San Diego,152109.0,19775.0,13%,,,
2013,Overall,Overall,San Francisco,38608.0,5708.0,14.80%,,,
2013,Overall,Overall,San Joaquin,34379.0,4705.0,13.70%,,,
2013,Overall,Overall,San Luis Obispo,12778.0,1335.0,10.40%,,,
2013,Overall,Overall,San Mateo,29190.0,3583.0,12.30%,,,
2013,Overall,Overall,Santa Barbara,18594.0,1995.0,10.70%,,,
2013,Overall,Overall,Santa Clara,67810.0,8985.0,13.30%,,,
2013,Overall,Overall,Santa Cruz,10453.0,1058.0,10.10%,,,
2013,Overall,Overall,Shasta,13737.0,1449.0,10.50%,,,
2013,Overall,Overall,Sierra,94.0,9.0,9.60%,,,
2013,Overall,Overall,Siskiyou,2459.0,249.0,10.10%,,,
2013,Overall,Overall,Solano,20395.0,2736.0,13.40%,,,
2013,Overall,Overall,Sonoma,22136.0,2515.0,11.40%,,,
2013,Overall,Overall,Stanislaus,29926.0,4109.0,13.70%,,,
2013,Overall,Overall,Sutter,6109.0,802.0,13.10%,,,
2013,Overall,Overall,Tehama,3460.0,445.0,12.90%,,,
2013,Overall,Overall,Trinity,931.0,125.0,13.40%,,,
2013,Overall,Overall,Tulare,20826.0,2686.0,12.90%,,,
2013,Overall,Overall,Tuolumne,4050.0,530.0,13.10%,,,
2013,Overall,Overall,Ventura,38847.0,4814.0,12.40%,,,
2013,Overall,Overall,Yolo,7225.0,904.0,12.50%,,,
2013,Overall,Overall,Yuba,4804.0,683.0,14.20%,,,
2014,Overall,Overall,State,1831817.0,248714.0,13.60%,,,
2014,Age,18 to 44 years,State,297297.0,34881.0,11.70%,,,
2014,Age,45 to 64 years,State,623743.0,84969.0,13.60%,,,
2014,Age,65 years and above,State,910777.0,128864.0,14.10%,,,
2014,Sex,Male,State,872476.0,124726.0,14.30%,,,
2014,Sex,Female,State,959341.0,123988.0,12.90%,,,
2014,Race-Ethnicity,White,State,1025747.0,133419.0,13%,,,
2014,Race-Ethnicity,Hispanic,State,416091.0,56201.0,13.50%,,,
2014,Race-Ethnicity,African-American,State,177701.0,31259.0,17.60%,,,
2014,Race-Ethnicity,Asian/Pacific Islander,State,144113.0,19175.0,13.30%,,,
2014,Race-Ethnicity,Native American,State,5741.0,791.0,13.80%,,,
2014,Race-Ethnicity,Other/Unknown,State,62424.0,7869.0,12.60%,,,
2014,Expected Payer,MediCare,State,970341.0,145784.0,15%,,,
2014,Expected Payer,Medi-Cal,State,364154.0,56168.0,15.40%,,,
2014,Expected Payer,Private,State,415763.0,39775.0,9.60%,,,
2014,Expected Payer,Self-Pay,State,31122.0,2131.0,6.80%,,,
2014,Expected Payer,Other,State,50437.0,4856.0,9.60%,,,
2014,Overall,Overall,Alameda,65219.0,9398.0,14.40%,,,
2014,Overall,Overall,Alpine,11.0,0.0,0%,,,
2014,Overall,Overall,Amador,2599.0,319.0,12.30%,,,
2014,Overall,Overall,Butte,21081.0,3558.0,16.90%,,,
2014,Overall,Overall,Calaveras,2901.0,387.0,13.30%,,,
2014,Overall,Overall,Colusa,1039.0,144.0,13.90%,,,
2014,Overall,Overall,Contra Costa,52940.0,7257.0,13.70%,,,
2014,Overall,Overall,Del Norte,1352.0,162.0,12%,,,
2014,Overall,Overall,El Dorado,9331.0,1102.0,11.80%,,,
2014,Overall,Overall,Fresno,46943.0,6283.0,13.40%,,,
2014,Overall,Overall,Glenn,1898.0,272.0,14.30%,,,
2014,Overall,Overall,Humboldt,7543.0,821.0,10.90%,,,
2014,Overall,Overall,Imperial,7519.0,1046.0,13.90%,,,
2014,Overall,Overall,Inyo,834.0,64.0,7.70%,,,
2014,Overall,Overall,Kern,40730.0,5474.0,13.40%,,,
2014,Overall,Overall,Kings,6126.0,761.0,12.40%,,,
2014,Overall,Overall,Lake,5053.0,771.0,15.30%,,,
2014,Overall,Overall,Lassen,1028.0,129.0,12.50%,,,
2014,Overall,Overall,Los Angeles,489218.0,72658.0,14.90%,,,
2014,Overall,Overall,Madera,6780.0,835.0,12.30%,,,
2014,Overall,Overall,Marin,10679.0,1167.0,10.90%,,,
2014,Overall,Overall,Mariposa,1089.0,147.0,13.50%,,,
2014,Overall,Overall,Mendocino,5164.0,590.0,11.40%,,,
2014,Overall,Overall,Merced,11433.0,1530.0,13.40%,,,
2014,Overall,Overall,Modoc,322.0,25.0,7.80%,,,
2014,Overall,Overall,Mono,270.0,33.0,12.20%,,,
2014,Overall,Overall,Monterey,16384.0,1666.0,10.20%,,,
2014,Overall,Overall,Napa,7288.0,932.0,12.80%,,,
2014,Overall,Overall,Nevada,5736.0,711.0,12.40%,,,
2014,Overall,Overall,Orange,130679.0,16685.0,12.80%,,,
2014,Overall,Overall,Placer,17446.0,1973.0,11.30%,,,
2014,Overall,Overall,Plumas,854.0,120.0,14.10%,,,
2014,Overall,Overall,Riverside,111062.0,14744.0,13.30%,,,
2014,Overall,Overall,Sacramento,78028.0,10662.0,13.70%,,,
2014,Overall,Overall,San Benito,2594.0,325.0,12.50%,,,
2014,Overall,Overall,San Bernardino,101796.0,14251.0,14%,,,
2014,Overall,Overall,San Diego,150420.0,19696.0,13.10%,,,
2014,Overall,Overall,San Francisco,37820.0,5785.0,15.30%,,,
2014,Overall,Overall,San Joaquin,36070.0,4990.0,13.80%,,,
2014,Overall,Overall,San Luis Obispo,12268.0,1316.0,10.70%,,,
2014,Overall,Overall,San Mateo,27209.0,3434.0,12.60%,,,
2014,Overall,Overall,Santa Barbara,18621.0,1965.0,10.60%,,,
2014,Overall,Overall,Santa Clara,65778.0,8641.0,13.10%,,,
2014,Overall,Overall,Santa Cruz,10498.0,1078.0,10.30%,,,
2014,Overall,Overall,Shasta,13566.0,1462.0,10.80%,,,
2014,Overall,Overall,Sierra,127.0,10.0,7.90%,,,
2014,Overall,Overall,Siskiyou,2143.0,203.0,9.50%,,,
2014,Overall,Overall,Solano,19610.0,2685.0,13.70%,,,
2014,Overall,Overall,Sonoma,21862.0,2540.0,11.60%,,,
2014,Overall,Overall,Stanislaus,30096.0,4036.0,13.40%,,,
2014,Overall,Overall,Sutter,5555.0,724.0,13%,,,
2014,Overall,Overall,Tehama,3368.0,420.0,12.50%,,,
2014,Overall,Overall,Trinity,889.0,122.0,13.70%,,,
2014,Overall,Overall,Tulare,20841.0,2622.0,12.60%,,,
2014,Overall,Overall,Tuolumne,3973.0,505.0,12.70%,,,
2014,Overall,Overall,Ventura,38377.0,4630.0,12.10%,,,
2014,Overall,Overall,Yolo,7365.0,829.0,11.30%,,,
2014,Overall,Overall,Yuba,4585.0,707.0,15.40%,,,
2015,Overall,Overall,State,1405652.0,190134.0,13.53%,,,
2015,Age,18 to 44 years,State,224205.0,26273.0,11.72%,,,
2015,Age,45 to 64 years,State,471180.0,64617.0,13.71%,,,
2015,Age,65 years and above,State,710267.0,99244.0,13.97%,,,
2015,Sex,Male,State,673048.0,95720.0,14.22%,,,
2015,Sex,Female,State,732603.0,94414.0,12.89%,,,
2015,Race-Ethnicity,White,State,775900.0,100644.0,12.97%,,,
2015,Race-Ethnicity,Hispanic,State,322838.0,43565.0,13.49%,,,
2015,Race-Ethnicity,African-American,State,136249.0,23774.0,17.45%,,,
2015,Race-Ethnicity,Asian/Pacific Islander,State,114847.0,14968.0,13.03%,,,
2015,Race-Ethnicity,Native American,State,4349.0,571.0,13.13%,,,
2015,Race-Ethnicity,Other/Unknown,State,51469.0,6612.0,12.85%,,,
2015,Expected Payer,MediCare,State,754450.0,112694.0,14.94%,,,
2015,Expected Payer,Medi-Cal,State,289672.0,43044.0,14.86%,,,
2015,Expected Payer,Private,State,309116.0,29820.0,9.65%,,,
2015,Expected Payer,Self-Pay,State,16879.0,1372.0,8.13%,,,
2015,Expected Payer,Other,State,35535.0,3204.0,9.02%,,,
2015,Overall,Overall,Alameda,49269.0,6917.0,14.04%,,,
2015,Overall,Overall,Alpine,9.0,0.0,0.00%,,,
2015,Overall,Overall,Amador,2124.0,282.0,13.28%,,,
2015,Overall,Overall,Butte,16661.0,2907.0,17.45%,,,
2015,Overall,Overall,Calaveras,2174.0,269.0,12.37%,,,
2015,Overall,Overall,Colusa,757.0,83.0,10.96%,,,
2015,Overall,Overall,Contra Costa,41392.0,5752.0,13.90%,,,
2015,Overall,Overall,Del Norte,889.0,94.0,10.57%,,,
2015,Overall,Overall,El Dorado,7038.0,809.0,11.49%,,,
2015,Overall,Overall,Fresno,36503.0,5072.0,13.89%,,,
2015,Overall,Overall,Glenn,1401.0,162.0,11.56%,,,
2015,Overall,Overall,Humboldt,5666.0,568.0,10.02%,,,
2015,Overall,Overall,Imperial,5769.0,779.0,13.50%,,,
2015,Overall,Overall,Inyo,637.0,60.0,9.42%,,,
2015,Overall,Overall,Kern,30391.0,3770.0,12.40%,,,
2015,Overall,Overall,Kings,4683.0,606.0,12.94%,,,
2015,Overall,Overall,Lake,3891.0,520.0,13.36%,,,
2015,Overall,Overall,Lassen,751.0,78.0,10.39%,,,
2015,Overall,Overall,Los Angeles,374849.0,55914.0,14.92%,,,
2015,Overall,Overall,Madera,5174.0,656.0,12.68%,,,
2015,Overall,Overall,Marin,8072.0,878.0,10.88%,,,
2015,Overall,Overall,Mariposa,854.0,113.0,13.23%,,,
2015,Overall,Overall,Mendocino,3816.0,460.0,12.05%,,,
2015,Overall,Overall,Merced,9474.0,1274.0,13.45%,,,
2015,Overall,Overall,Modoc,265.0,24.0,9.06%,,,
2015,Overall,Overall,Mono,193.0,11.0,5.70%,,,
2015,Overall,Overall,Monterey,12919.0,1353.0,10.47%,,,
2015,Overall,Overall,Napa,5362.0,697.0,13.00%,,,
2015,Overall,Overall,Nevada,4384.0,570.0,13.00%,,,
2015,Overall,Overall,Orange,100168.0,12602.0,12.58%,,,
2015,Overall,Overall,Placer,12961.0,1452.0,11.20%,,,
2015,Overall,Overall,Plumas,694.0,67.0,9.65%,,,
2015,Overall,Overall,Riverside,86333.0,11733.0,13.59%,,,
2015,Overall,Overall,Sacramento,59197.0,8068.0,13.63%,,,
2015,Overall,Overall,San Benito,1935.0,231.0,11.94%,,,
2015,Overall,Overall,San Bernardino,75949.0,10305.0,13.57%,,,
2015,Overall,Overall,San Diego,115410.0,15086.0,13.07%,,,
2015,Overall,Overall,San Francisco,28548.0,3963.0,13.88%,,,
2015,Overall,Overall,San Joaquin,26778.0,3453.0,12.89%,,,
2015,Overall,Overall,San Luis Obispo,9677.0,1020.0,10.54%,,,
2015,Overall,Overall,San Mateo,21159.0,2730.0,12.90%,,,
2015,Overall,Overall,Santa Barbara,14130.0,1574.0,11.14%,,,
2015,Overall,Overall,Santa Clara,51175.0,6733.0,13.16%,,,
2015,Overall,Overall,Santa Cruz,8197.0,885.0,10.80%,,,
2015,Overall,Overall,Shasta,10130.0,1031.0,10.18%,,,
2015,Overall,Overall,Sierra,85.0,5.0,5.88%,,,
2015,Overall,Overall,Siskiyou,1724.0,168.0,9.74%,,,
2015,Overall,Overall,Solano,14646.0,1964.0,13.41%,,,
2015,Overall,Overall,Sonoma,17382.0,2014.0,11.59%,,,
2015,Overall,Overall,Stanislaus,23119.0,3075.0,13.30%,,,
2015,Overall,Overall,Sutter,4325.0,544.0,12.58%,,,
2015,Overall,Overall,Tehama,2602.0,325.0,12.49%,,,
2015,Overall,Overall,Trinity,709.0,100.0,14.10%,,,
2015,Overall,Overall,Tulare,16424.0,2243.0,13.66%,,,
2015,Overall,Overall,Tuolumne,3144.0,410.0,13.04%,,,
2015,Overall,Overall,Ventura,30175.0,3862.0,12.80%,,,
2015,Overall,Overall,Yolo,5852.0,726.0,12.41%,,,
2015,Overall,Overall,Yuba,3521.0,527.0,14.97%,,,
2016,Overall,Overall,State,,,,"1,877,198","271,871",14.48%
2016,Age,18 to 44 years,State,,,,293632,35595,12.12%
2016,Age,45 to 64 years,State,,,,626524,92315,14.73%
2016,Age,65 years and above,State,,,,957042,143961,15.04%
2016,Sex,Male,State,,,,910008,139661,15.35%
2016,Sex,Female,State,,,,967172,132208,13.67%
2016,Race-Ethnicity,White,State,,,,1032282,143721,13.92%
2016,Race-Ethnicity,Hispanic,State,,,,432751,62673,14.48%
2016,Race-Ethnicity,African-American,State,,,,180302,32780,18.18%
2016,Race-Ethnicity,Asian/Pacific Islander,State,,,,154342,21573,13.98%
2016,Race-Ethnicity,Native American,State,,,,6156,1082,17.58%
2016,Race-Ethnicity,Other/Unknown,State,,,,71365,10042,14.07%
2016,Expected Payer,MediCare,State,,,,1016129,162152,15.96%
2016,Expected Payer,Medi-Cal,State,,,,395694,61921,15.65%
2016,Expected Payer,Private,State,,,,401717,41734,10.39%
2016,Expected Payer,Self-Pay,State,,,,20467,1698,8.30%
2016,Expected Payer,Other,State,,,,43191,4366,10.11%
2016,Overall,Overall,Alameda,,,,65203,9759,14.97%
2016,Overall,Overall,Alpine,,,,21,1,4.76%
2016,Overall,Overall,Amador,,,,2814,390,13.86%
2016,Overall,Overall,Butte,,,,22675,4041,17.82%
2016,Overall,Overall,Calaveras,,,,2868,400,13.95%
2016,Overall,Overall,Colusa,,,,971,121,12.46%
2016,Overall,Overall,Contra Costa,,,,52750,7662,14.53%
2016,Overall,Overall,Del Norte,,,,1238,125,10.10%
2016,Overall,Overall,El Dorado,,,,10298,1418,13.77%
2016,Overall,Overall,Fresno,,,,50589,8296,16.40%
2016,Overall,Overall,Glenn,,,,1935,281,14.52%
2016,Overall,Overall,Humboldt,,,,7804,937,12.01%
2016,Overall,Overall,Imperial,,,,7981,1198,15.01%
2016,Overall,Overall,Inyo,,,,757,77,10.17%
2016,Overall,Overall,Kern,,,,41749,5561,13.32%
2016,Overall,Overall,Kings,,,,6718,1030,15.33%
2016,Overall,Overall,Lake,,,,5375,845,15.72%
2016,Overall,Overall,Lassen,,,,856,96,11.21%
2016,Overall,Overall,Los Angeles,,,,493868,77874,15.77%
2016,Overall,Overall,Madera,,,,6997,1059,15.14%
2016,Overall,Overall,Marin,,,,11232,1321,11.76%
2016,Overall,Overall,Mariposa,,,,1117,154,13.79%
2016,Overall,Overall,Mendocino,,,,5158,666,12.91%
2016,Overall,Overall,Merced,,,,13467,2087,15.50%
2016,Overall,Overall,Modoc,,,,314,29,9.24%
2016,Overall,Overall,Mono,,,,308,31,10.06%
2016,Overall,Overall,Monterey,,,,17789,2066,11.61%
2016,Overall,Overall,Napa,,,,7363,1002,13.61%
2016,Overall,Overall,Nevada,,,,5671,807,14.23%
2016,Overall,Overall,Orange,,,,133527,17983,13.47%
2016,Overall,Overall,Placer,,,,18698,2180,11.66%
2016,Overall,Overall,Plumas,,,,907,107,11.80%
2016,Overall,Overall,Riverside,,,,113451,16431,14.48%
2016,Overall,Overall,Sacramento,,,,77797,11095,14.26%
2016,Overall,Overall,San Benito,,,,2505,306,12.22%
2016,Overall,Overall,San Bernardino,,,,104398,15630,14.97%
2016,Overall,Overall,San Diego,,,,151703,20891,13.77%
2016,Overall,Overall,San Francisco,,,,37697,5583,14.81%
2016,Overall,Overall,San Joaquin,,,,36298,5369,14.79%
2016,Overall,Overall,San Luis Obispo,,,,12941,1502,11.61%
2016,Overall,Overall,San Mateo,,,,27003,3461,12.82%
2016,Overall,Overall,Santa Barbara,,,,19086,2236,11.72%
2016,Overall,Overall,Santa Clara,,,,68322,9691,14.18%
2016,Overall,Overall,Santa Cruz,,,,10584,1171,11.06%
2016,Overall,Overall,Shasta,,,,14114,1675,11.87%
2016,Overall,Overall,Sierra,,,,132,15,11.36%
2016,Overall,Overall,Siskiyou,,,,2269,233,10.27%
2016,Overall,Overall,Solano,,,,21124,3069,14.53%
2016,Overall,Overall,Sonoma,,,,23675,2898,12.24%
2016,Overall,Overall,Stanislaus,,,,30756,4167,13.55%
2016,Overall,Overall,Sutter,,,,5796,816,14.08%
2016,Overall,Overall,Tehama,,,,3645,482,13.22%
2016,Overall,Overall,Trinity,,,,888,110,12.39%
2016,Overall,Overall,Tulare,,,,21561,3136,14.54%
2016,Overall,Overall,Tuolumne,,,,3887,582,14.97%
2016,Overall,Overall,Ventura,,,,40230,5489,13.64%
2016,Overall,Overall,Yolo,,,,8078,1083,13.41%
2016,Overall,Overall,Yuba,,,,4758,731,15.36%
2017,Overall,Overall,State,,,,1882970,274920,14.60%
2017,Age,18 to 44 years,State,,,,285406,35961,12.60%
2017,Age,45 to 64 years,State,,,,611131,90987,14.89%
2017,Age,65 years and above,State,,,,986433,147972,15.00%
2017,Sex,Female,State,,,,964335,133017,13.79%
2017,Sex,Male,State,,,,918635,141903,15.45%
2017,Race-Ethnicity,African-American,State,,,,177645,33032,18.59%
2017,Race-Ethnicity,Asian/Pacific Islander,State,,,,156473,22034,14.08%
2017,Race-Ethnicity,Hispanic,State,,,,442597,65083,14.70%
2017,Race-Ethnicity,Native American,State,,,,6269,1027,16.38%
2017,Race-Ethnicity,Other/Unknown,State,,,,78602,10982,13.97%
2017,Race-Ethnicity,White,State,,,,1021384,142762,13.98%
2017,Expected Payer,Medi-Cal,State,,,,391220,61700,15.77%
2017,Expected Payer,MediCare,State,,,,1037090,164931,15.90%
2017,Expected Payer,Other,State,,,,42158,4514,10.71%
2017,Expected Payer,Private,State,,,,392007,42024,10.72%
2017,Expected Payer,Self-Pay,State,,,,20495,1751,8.54%
2017,Overall,Overall,Alameda,,,,64950,9676,14.90%
2017,Overall,Overall,Alpine,,,,9,,
2017,Overall,Overall,Amador,,,,2970,405,13.64%
2017,Overall,Overall,Butte,,,,23283,4406,18.92%
2017,Overall,Overall,Calaveras,,,,2997,399,13.31%
2017,Overall,Overall,Colusa,,,,988,124,12.55%
2017,Overall,Overall,Contra Costa,,,,53095,8016,15.10%
2017,Overall,Overall,Del Norte,,,,1390,161,11.58%
2017,Overall,Overall,El Dorado,,,,10457,1457,13.93%
2017,Overall,Overall,Fresno,,,,49058,7239,14.76%
2017,Overall,Overall,Glenn,,,,1957,290,14.82%
2017,Overall,Overall,Humboldt,,,,7593,919,12.10%
2017,Overall,Overall,Imperial,,,,8276,1240,14.98%
2017,Overall,Overall,Inyo,,,,838,79,9.43%
2017,Overall,Overall,Kern,,,,41270,5728,13.88%
2017,Overall,Overall,Kings,,,,6417,945,14.73%
2017,Overall,Overall,Lake,,,,5354,853,15.93%
2017,Overall,Overall,Lassen,,,,831,69,8.30%
2017,Overall,Overall,Los Angeles,,,,481784,75361,15.64%
2017,Overall,Overall,Madera,,,,6784,931,13.72%
2017,Overall,Overall,Marin,,,,11379,1412,12.41%
2017,Overall,Overall,Mariposa,,,,1184,167,14.10%
2017,Overall,Overall,Mendocino,,,,5348,681,12.73%
2017,Overall,Overall,Merced,,,,14017,2182,15.57%
2017,Overall,Overall,Modoc,,,,349,42,12.03%
2017,Overall,Overall,Mono,,,,280,22,7.86%
2017,Overall,Overall,Monterey,,,,18362,2179,11.87%
2017,Overall,Overall,Napa,,,,7243,1000,13.81%
2017,Overall,Overall,Nevada,,,,5666,778,13.73%
2017,Overall,Overall,Orange,,,,132179,17820,13.48%
2017,Overall,Overall,Placer,,,,19073,2178,11.42%
2017,Overall,Overall,Plumas,,,,840,97,11.55%
2017,Overall,Overall,Riverside,,,,111614,16334,14.63%
2017,Overall,Overall,Sacramento,,,,80190,12074,15.06%
2017,Overall,Overall,San Benito,,,,2464,320,12.99%
2017,Overall,Overall,San Bernardino,,,,104537,15991,15.30%
2017,Overall,Overall,San Diego,,,,151905,20823,13.71%
2017,Overall,Overall,San Francisco,,,,36376,5449,14.98%
2017,Overall,Overall,San Joaquin,,,,37377,5636,15.08%
2017,Overall,Overall,San Luis Obispo,,,,13019,1469,11.28%
2017,Overall,Overall,San Mateo,,,,26998,3435,12.72%
2017,Overall,Overall,Santa Barbara,,,,19072,2351,12.33%
2017,Overall,Overall,Santa Clara,,,,70038,10082,14.40%
2017,Overall,Overall,Santa Cruz,,,,10702,1323,12.36%
2017,Overall,Overall,Shasta,,,,14022,1647,11.75%
2017,Overall,Overall,Sierra,,,,96,7,7.29%
2017,Overall,Overall,Siskiyou,,,,2122,193,9.10%
2017,Overall,Overall,Solano,,,,20236,2951,14.58%
2017,Overall,Overall,Sonoma,,,,23479,3024,12.88%
2017,Overall,Overall,Stanislaus,,,,30327,4137,13.64%
2017,Overall,Overall,Sutter,,,,5639,734,13.02%
2017,Overall,Overall,Tehama,,,,3474,485,13.96%
2017,Overall,Overall,Trinity,,,,869,115,13.23%
2017,Overall,Overall,Tulare,,,,22274,3157,14.17%
2017,Overall,Overall,Tuolumne,,,,3730,493,13.22%
2017,Overall,Overall,Ventura,,,,39966,5535,13.85%
2017,Overall,Overall,Yolo,,,,8171,1134,13.88%
2017,Overall,Overall,Yuba,,,,4909,758,15.44%
2018,Overall,Overall,State,,,,1867521,275515,14.75%
2018,Age,18 to 44 years,State,,,,281989,35161,12.47%
2018,Age,45 to 64 years,State,,,,595858,89815,15.07%
2018,Age,65 years and above,State,,,,989674,150539,15.21%
2018,Sex,Female,State,,,,948082,131904,13.91%
2018,Sex,Male,State,,,,919439,143611,15.62%
2018,Race-Ethnicity,African-American,State,,,,178356,33262,18.65%
2018,Race-Ethnicity,Asian/Pacific Islander,State,,,,158478,22622,14.27%
2018,Race-Ethnicity,Hispanic,State,,,,449680,66002,14.68%
2018,Race-Ethnicity,Native American,State,,,,6639,1146,17.26%
2018,Race-Ethnicity,Other/Unknown,State,,,,80394,11349,14.12%
2018,Race-Ethnicity,White,State,,,,993974,141134,14.20%
2018,Expected Payer,Medi-Cal,State,,,,389464,61814,15.87%
2018,Expected Payer,MediCare,State,,,,1030609,165581,16.07%
2018,Expected Payer,Other,State,,,,42786,4451,10.40%
2018,Expected Payer,Private,State,,,,382592,41772,10.92%
2018,Expected Payer,Self-Pay,State,,,,22070,1897,8.60%
2018,Overall,Overall,Alameda,,,,62646,9882,15.77%
2018,Overall,Overall,Alpine,,,,18,2,11.11%
2018,Overall,Overall,Amador,,,,2877,458,15.92%
2018,Overall,Overall,Butte,,,,23190,4151,17.90%
2018,Overall,Overall,Calaveras,,,,2941,411,13.97%
2018,Overall,Overall,Colusa,,,,1195,185,15.48%
2018,Overall,Overall,Contra Costa,,,,51183,7884,15.40%
2018,Overall,Overall,Del Norte,,,,1416,178,12.57%
2018,Overall,Overall,El Dorado,,,,10371,1434,13.83%
2018,Overall,Overall,Fresno,,,,48893,7348,15.03%
2018,Overall,Overall,Glenn,,,,2126,314,14.77%
2018,Overall,Overall,Humboldt,,,,7449,957,12.85%
2018,Overall,Overall,Imperial,,,,8453,1205,14.26%
2018,Overall,Overall,Inyo,,,,852,79,9.27%
2018,Overall,Overall,Kern,,,,39488,5471,13.85%
2018,Overall,Overall,Kings,,,,6010,879,14.63%
2018,Overall,Overall,Lake,,,,5227,813,15.55%
2018,Overall,Overall,Lassen,,,,798,72,9.02%
2018,Overall,Overall,Los Angeles,,,,475044,74910,15.77%
2018,Overall,Overall,Madera,,,,7023,999,14.22%
2018,Overall,Overall,Marin,,,,10779,1365,12.66%
2018,Overall,Overall,Mariposa,,,,1069,139,13.00%
2018,Overall,Overall,Mendocino,,,,5400,795,14.72%
2018,Overall,Overall,Merced,,,,14124,2236,15.83%
2018,Overall,Overall,Modoc,,,,300,37,12.33%
2018,Overall,Overall,Mono,,,,296,31,10.47%
2018,Overall,Overall,Monterey,,,,19247,2399,12.46%
2018,Overall,Overall,Napa,,,,6819,1059,15.53%
2018,Overall,Overall,Nevada,,,,5779,799,13.83%
2018,Overall,Overall,Orange,,,,130341,17385,13.34%
2018,Overall,Overall,Placer,,,,18737,2199,11.74%
2018,Overall,Overall,Plumas,,,,970,125,12.89%
2018,Overall,Overall,Riverside,,,,112715,16709,14.82%
2018,Overall,Overall,Sacramento,,,,77626,11686,15.05%
2018,Overall,Overall,San Benito,,,,2487,349,14.03%
2018,Overall,Overall,San Bernardino,,,,104972,15905,15.15%
2018,Overall,Overall,San Diego,,,,153864,21665,14.08%
2018,Overall,Overall,San Francisco,,,,34999,5032,14.38%
2018,Overall,Overall,San Joaquin,,,,36982,5533,14.96%
2018,Overall,Overall,San Luis Obispo,,,,12990,1587,12.22%
2018,Overall,Overall,San Mateo,,,,25690,3319,12.92%
2018,Overall,Overall,Santa Barbara,,,,18914,2242,11.85%
2018,Overall,Overall,Santa Clara,,,,65621,9447,14.40%
2018,Overall,Overall,Santa Cruz,,,,9985,1159,11.61%
2018,Overall,Overall,Shasta,,,,13815,1750,12.67%
2018,Overall,Overall,Sierra,,,,103,10,9.71%
2018,Overall,Overall,Siskiyou,,,,1952,201,10.30%
2018,Overall,Overall,Solano,,,,19873,3011,15.15%
2018,Overall,Overall,Sonoma,,,,22588,3036,13.44%
2018,Overall,Overall,Stanislaus,,,,30021,3980,13.26%
2018,Overall,Overall,Sutter,,,,5966,774,12.97%
2018,Overall,Overall,Tehama,,,,3848,581,15.10%
2018,Overall,Overall,Trinity,,,,845,107,12.66%
2018,Overall,Overall,Tulare,,,,20948,2781,13.28%
2018,Overall,Overall,Tuolumne,,,,3495,420,12.02%
2018,Overall,Overall,Ventura,,,,39246,5691,14.50%
2018,Overall,Overall,Yolo,,,,7761,1032,13.30%
2018,Overall,Overall,Yuba,,,,5056,737,14.58%
2019,Overall,Overall,State,,,,1866911,277886,14.88%
2019,Age,18 to 44 years,State,,,,281814,35346,12.54%
2019,Age,45 to 64 years,State,,,,587775,89400,15.21%
2019,Age,65 years and above,State,,,,997322,153140,15.36%
2019,Sex,Female,State,,,,942816,131796,13.98%
2019,Sex,Male,State,,,,924095,146090,15.81%
2019,Race-Ethnicity,African-American,State,,,,174725,32319,18.50%
2019,Race-Ethnicity,Asian/Pacific Islander,State,,,,160310,22926,14.30%
2019,Race-Ethnicity,Hispanic,State,,,,459080,68439,14.91%
2019,Race-Ethnicity,Multiracial,State,,,,15870,2941,18.53%
2019,Race-Ethnicity,Native American,State,,,,9212,1331,14.45%
2019,Race-Ethnicity,Other/Unknown,State,,,,79096,10967,13.87%
2019,Race-Ethnicity,White,State,,,,968618,138963,14.35%
2019,Expected Payer,Medi-Cal,State,,,,390274,62869,16.11%
2019,Expected Payer,MediCare,State,,,,1040179,168152,16.17%
2019,Expected Payer,Other,State,,,,45174,5107,11.31%
2019,Expected Payer,Private,State,,,,367681,39787,10.82%
2019,Expected Payer,Self-Pay,State,,,,23603,1971,8.35%
2019,Overall,Overall,Unknown County,,,,374,59,15.78%
2019,Overall,Overall,Alameda,,,,62440,9756,15.62%
2019,Overall,Overall,Alpine,,,,10,0,0.00%
2019,Overall,Overall,Amador,,,,2894,392,13.55%
2019,Overall,Overall,Butte,,,,21958,3973,18.09%
2019,Overall,Overall,Calaveras,,,,3051,467,15.31%
2019,Overall,Overall,Colusa,,,,1196,170,14.21%
2019,Overall,Overall,Contra Costa,,,,50840,7765,15.27%
2019,Overall,Overall,Del Norte,,,,1463,170,11.62%
2019,Overall,Overall,El Dorado,,,,10281,1439,14.00%
2019,Overall,Overall,Fresno,,,,48532,7442,15.33%
2019,Overall,Overall,Glenn,,,,2264,350,15.46%
2019,Overall,Overall,Humboldt,,,,7263,947,13.04%
2019,Overall,Overall,Imperial,,,,8295,1253,15.11%
2019,Overall,Overall,Inyo,,,,958,99,10.33%
2019,Overall,Overall,Kern,,,,40793,5885,14.43%
2019,Overall,Overall,Kings,,,,6360,937,14.73%
2019,Overall,Overall,Lake,,,,5108,822,16.09%
2019,Overall,Overall,Lassen,,,,774,76,9.82%
2019,Overall,Overall,Los Angeles,,,,465091,73376,15.78%
2019,Overall,Overall,Madera,,,,6743,865,12.83%
2019,Overall,Overall,Marin,,,,10086,1222,12.12%
2019,Overall,Overall,Mariposa,,,,1115,124,11.12%
2019,Overall,Overall,Mendocino,,,,5228,708,13.54%
2019,Overall,Overall,Merced,,,,13468,2112,15.68%
2019,Overall,Overall,Modoc,,,,372,50,13.44%
2019,Overall,Overall,Mono,,,,333,33,9.91%
2019,Overall,Overall,Monterey,,,,19847,2651,13.36%
2019,Overall,Overall,Napa,,,,6551,1049,16.01%
2019,Overall,Overall,Nevada,,,,5684,760,13.37%
2019,Overall,Overall,Orange,,,,127580,17412,13.65%
2019,Overall,Overall,Placer,,,,18957,2282,12.04%
2019,Overall,Overall,Plumas,,,,851,100,11.75%
2019,Overall,Overall,Riverside,,,,114978,17036,14.82%
2019,Overall,Overall,Sacramento,,,,75730,11297,14.92%
2019,Overall,Overall,San Benito,,,,2276,305,13.40%
2019,Overall,Overall,San Bernardino,,,,104217,16022,15.37%
2019,Overall,Overall,San Diego,,,,155859,21752,13.96%
2019,Overall,Overall,San Francisco,,,,34983,5090,14.55%
2019,Overall,Overall,San Joaquin,,,,37222,5817,15.63%
2019,Overall,Overall,San Luis Obispo,,,,12891,1622,12.58%
2019,Overall,Overall,San Mateo,,,,25264,3279,12.98%
2019,Overall,Overall,Santa Barbara,,,,19432,2249,11.57%
2019,Overall,Overall,Santa Clara,,,,64589,9259,14.34%
2019,Overall,Overall,Santa Cruz,,,,10316,1283,12.44%
2019,Overall,Overall,Shasta,,,,13651,1715,12.56%
2019,Overall,Overall,Sierra,,,,116,12,10.34%
2019,Overall,Overall,Siskiyou,,,,2009,201,10.00%
2019,Overall,Overall,Solano,,,,20472,3144,15.36%
2019,Overall,Overall,Sonoma,,,,22767,3150,13.84%
2019,Overall,Overall,Stanislaus,,,,30499,4321,14.17%
2019,Overall,Overall,Sutter,,,,5740,789,13.75%
2019,Overall,Overall,Tehama,,,,3895,578,14.84%
2019,Overall,Overall,Trinity,,,,784,86,10.97%
2019,Overall,Overall,Tulare,,,,22009,3112,14.14%
2019,Overall,Overall,Tuolumne,,,,3581,484,13.52%
2019,Overall,Overall,Ventura,,,,40324,6006,14.89%
2019,Overall,Overall,Yolo,,,,7958,1129,14.19%
2019,Overall,Overall,Yuba,,,,5078,789,15.54%
2020,Overall,Overall,State,,,,1623952,235905,14.53%
2020,Age,18 to 44 years,State,,,,256350,30887,12.05%
2020,Age,45 to 64 years,State,,,,515144,76269,14.81%
2020,Age,65 years and above,State,,,,852458,128749,15.10%
2020,Sex,Female,State,,,,795504,110363,13.87%
2020,Sex,Male,State,,,,828448,125542,15.15%
2020,Race-Ethnicity,African-American,State,,,,150491,27072,17.99%
2020,Race-Ethnicity,Asian/Pacific Islander,State,,,,136051,19173,14.09%
2020,Race-Ethnicity,Hispanic,State,,,,426687,60377,14.15%
2020,Race-Ethnicity,Multiracial,State,,,,20462,3524,17.22%
2020,Race-Ethnicity,Native American,State,,,,5542,849,15.32%
2020,Race-Ethnicity,Other/Unknown,State,,,,74035,9871,13.33%
2020,Race-Ethnicity,White,State,,,,810684,115039,14.19%
2020,Expected Payer,Medi-Cal,State,,,,355605,54947,15.45%
2020,Expected Payer,MediCare,State,,,,886758,141143,15.92%
2020,Expected Payer,Other,State,,,,38983,4157,10.66%
2020,Expected Payer,Private,State,,,,323226,34163,10.57%
2020,Expected Payer,Self-Pay,State,,,,19380,1495,7.71%
2020,Overall,Overall,Alameda,,,,54864,8381,15.28%
2020,Overall,Overall,Alpine,,,,7,2,28.57%
2020,Overall,Overall,Amador,,,,2484,353,14.21%
2020,Overall,Overall,Butte,,,,19635,3585,18.26%
2020,Overall,Overall,Calaveras,,,,2648,358,13.52%
2020,Overall,Overall,Colusa,,,,998,137,13.73%
2020,Overall,Overall,Contra Costa,,,,44201,6583,14.89%
2020,Overall,Overall,Del Norte,,,,1174,112,9.54%
2020,Overall,Overall,El Dorado,,,,9180,1332,14.51%
2020,Overall,Overall,Fresno,,,,44932,6844,15.23%
2020,Overall,Overall,Glenn,,,,1983,288,14.52%
2020,Overall,Overall,Humboldt,,,,5984,738,12.33%
2020,Overall,Overall,Imperial,,,,7229,1015,14.04%
2020,Overall,Overall,Inyo,,,,855,91,10.64%
2020,Overall,Overall,Kern,,,,36595,4963,13.56%
2020,Overall,Overall,Kings,,,,5721,835,14.60%
2020,Overall,Overall,Lake,,,,4191,618,14.75%
2020,Overall,Overall,Lassen,,,,614,59,9.61%
2020,Overall,Overall,Los Angeles,,,,391234,59374,15.18%
2020,Overall,Overall,Madera,,,,5855,797,13.61%
2020,Overall,Overall,Marin,,,,8660,1092,12.61%
2020,Overall,Overall,Mariposa,,,,1007,128,12.71%
2020,Overall,Overall,Mendocino,,,,4856,673,13.86%
2020,Overall,Overall,Merced,,,,11523,1752,15.20%
2020,Overall,Overall,Modoc,,,,338,45,13.31%
2020,Overall,Overall,Mono,,,,274,30,10.95%
2020,Overall,Overall,Monterey,,,,17352,2283,13.16%
2020,Overall,Overall,Napa,,,,5168,747,14.45%
2020,Overall,Overall,Nevada,,,,5158,682,13.22%
2020,Overall,Overall,Orange,,,,109124,14464,13.25%
2020,Overall,Overall,Placer,,,,17443,2120,12.15%
2020,Overall,Overall,Plumas,,,,681,80,11.75%
2020,Overall,Overall,Riverside,,,,101235,14085,13.91%
2020,Overall,Overall,Sacramento,,,,69182,10274,14.85%
2020,Overall,Overall,San Benito,,,,2082,291,13.98%
2020,Overall,Overall,San Bernardino,,,,91071,12977,14.25%
2020,Overall,Overall,San Diego,,,,137277,19112,13.92%
2020,Overall,Overall,San Francisco,,,,31482,4799,15.24%
2020,Overall,Overall,San Joaquin,,,,32822,4992,15.21%
2020,Overall,Overall,San Luis Obispo,,,,11003,1398,12.71%
2020,Overall,Overall,San Mateo,,,,21940,2851,12.99%
2020,Overall,Overall,Santa Barbara,,,,17361,2026,11.67%
2020,Overall,Overall,Santa Clara,,,,56393,8118,14.40%
2020,Overall,Overall,Santa Cruz,,,,9178,1151,12.54%
2020,Overall,Overall,Shasta,,,,12277,1591,12.96%
2020,Overall,Overall,Sierra,,,,95,11,11.58%
2020,Overall,Overall,Siskiyou,,,,1791,186,10.39%
2020,Overall,Overall,Solano,,,,17619,2598,14.75%
2020,Overall,Overall,Sonoma,,,,19924,2664,13.37%
2020,Overall,Overall,Stanislaus,,,,27464,3868,14.08%
2020,Overall,Overall,Sutter,,,,5415,776,14.33%
2020,Overall,Overall,Tehama,,,,3505,445,12.70%
2020,Overall,Overall,Trinity,,,,693,85,12.27%
2020,Overall,Overall,Tulare,,,,18786,2653,14.12%
2020,Overall,Overall,Tuolumne,,,,3304,474,14.35%
2020,Overall,Overall,Ventura,,,,34820,4945,14.20%
2020,Overall,Overall,Yolo,,,,6945,976,14.05%
2020,Overall,Overall,Yuba,,,,4513,712,15.78%
2021,Overall,Overall,State,,,,1678810,242095,14.42%
2021,Age,18 to 44 years,State,,,,275100,32693,11.88%
2021,Age,45 to 64 years,State,,,,522104,76660,14.68%
2021,Age,65 years and above,State,,,,881606,132742,15.06%
2021,Expected Payer,Medi-Cal,State,,,,378689,57840,15.27%
2021,Expected Payer,MediCare,State,,,,900016,142496,15.83%
2021,Expected Payer,Other,State,,,,42519,4501,10.59%
2021,Expected Payer,Private,State,,,,339306,35739,10.53%
2021,Expected Payer,Self-Pay,State,,,,18280,1519,8.31%
2021,Race-Ethnicity,African-American,State,,,,161819,28772,17.78%
2021,Race-Ethnicity,Asian/Pacific Islander,State,,,,145744,20519,14.08%
2021,Race-Ethnicity,Hispanic,State,,,,449127,62692,13.96%
2021,Race-Ethnicity,Multiracial,State,,,,18614,3196,17.17%
2021,Race-Ethnicity,Native American,State,,,,5839,925,15.84%
2021,Race-Ethnicity,Other/Unknown,State,,,,75378,10114,13.42%
2021,Race-Ethnicity,White,State,,,,822289,115877,14.09%
2021,Sex,Female,State,,,,824580,113903,13.81%
2021,Sex,Male,State,,,,854230,128192,15.01%
2021,Overall,Overall,Alameda,,,,57303,9116,15.91%
2021,Overall,Overall,Alpine,,,,18,1,5.56%
2021,Overall,Overall,Amador,,,,2526,337,13.34%
2021,Overall,Overall,Butte,,,,19671,3643,18.52%
2021,Overall,Overall,Calaveras,,,,2531,339,13.39%
2021,Overall,Overall,Colusa,,,,1097,156,14.22%
2021,Overall,Overall,Contra Costa,,,,47076,7126,15.14%
2021,Overall,Overall,Del Norte,,,,1197,154,12.87%
2021,Overall,Overall,El Dorado,,,,9451,1341,14.19%
2021,Overall,Overall,Fresno,,,,47105,7060,14.99%
2021,Overall,Overall,Glenn,,,,2020,278,13.76%
2021,Overall,Overall,Humboldt,,,,5977,750,12.55%
2021,Overall,Overall,Imperial,,,,6840,895,13.08%
2021,Overall,Overall,Inyo,,,,649,63,9.71%
2021,Overall,Overall,Kern,,,,38249,5070,13.26%
2021,Overall,Overall,Kings,,,,5759,779,13.53%
2021,Overall,Overall,Lake,,,,4313,646,14.98%
2021,Overall,Overall,Lassen,,,,658,49,7.45%
2021,Overall,Overall,Los Angeles,,,,403988,60634,15.01%
2021,Overall,Overall,Madera,,,,6051,798,13.19%
2021,Overall,Overall,Marin,,,,9224,1118,12.12%
2021,Overall,Overall,Mariposa,,,,952,114,11.97%
2021,Overall,Overall,Mendocino,,,,4894,638,13.04%
2021,Overall,Overall,Merced,,,,12140,1756,14.46%
2021,Overall,Overall,Modoc,,,,291,21,7.22%
2021,Overall,Overall,Mono,,,,261,21,8.05%
2021,Overall,Overall,Monterey,,,,17889,2326,13.00%
2021,Overall,Overall,Napa,,,,5482,754,13.75%
2021,Overall,Overall,Nevada,,,,5172,672,12.99%
2021,Overall,Overall,Orange,,,,109967,14435,13.13%
2021,Overall,Overall,Placer,,,,19165,2536,13.23%
2021,Overall,Overall,Plumas,,,,704,93,13.21%
2021,Overall,Overall,Riverside,,,,103826,14123,13.60%
2021,Overall,Overall,Sacramento,,,,73454,11320,15.41%
2021,Overall,Overall,San Benito,,,,2406,360,14.96%
2021,Overall,Overall,San Bernardino,,,,91284,12642,13.85%
2021,Overall,Overall,San Diego,,,,146135,20537,14.05%
2021,Overall,Overall,San Francisco,,,,32914,5122,15.56%
2021,Overall,Overall,San Joaquin,,,,33393,4971,14.89%
2021,Overall,Overall,San Luis Obispo,,,,11090,1334,12.03%
2021,Overall,Overall,San Mateo,,,,22904,2982,13.02%
2021,Overall,Overall,Santa Barbara,,,,17936,2250,12.54%
2021,Overall,Overall,Santa Clara,,,,58931,8721,14.80%
2021,Overall,Overall,Santa Cruz,,,,9931,1262,12.71%
2021,Overall,Overall,Shasta,,,,12325,1512,12.27%
2021,Overall,Overall,Sierra,,,,98,12,12.24%
2021,Overall,Overall,Siskiyou,,,,1771,178,10.05%
2021,Overall,Overall,Solano,,,,18007,2555,14.19%
2021,Overall,Overall,Sonoma,,,,20610,2844,13.80%
2021,Overall,Overall,Stanislaus,,,,29264,4218,14.41%
2021,Overall,Overall,Sutter,,,,5702,924,16.20%
2021,Overall,Overall,Tehama,,,,3517,489,13.90%
2021,Overall,Overall,Trinity,,,,684,82,11.99%
2021,Overall,Overall,Tulare,,,,19448,2560,13.16%
2021,Overall,Overall,Tuolumne,,,,3231,442,13.68%
2021,Overall,Overall,Ventura,,,,35387,4875,13.78%
2021,Overall,Overall,Yolo,,,,7134,1039,14.56%
2021,Overall,Overall,Yuba,,,,4772,720,15.09%
2022,Overall,Overall,State,,,,1644087,238468,14.50%
2022,Age,18 to 44 years,State,,,,254428,31148,12.24%
2022,Age,45 to 64 years,State,,,,480923,71658,14.90%
2022,Age,65 years and above,State,,,,908736,135662,14.93%
2022,Expected Payer,Medi-Cal,State,,,,357068,54846,15.36%
2022,Expected Payer,MediCare,State,,,,916730,143186,15.62%
2022,Expected Payer,Other,State,,,,42026,4670,11.11%
2022,Expected Payer,Private,State,,,,311827,34309,11.00%
2022,Expected Payer,Self-Pay,State,,,,16436,1457,8.86%
2022,Race-Ethnicity,African-American,State,,,,156634,27771,17.73%
2022,Race-Ethnicity,Asian/Pacific Islander,State,,,,144674,20209,13.97%
2022,Race-Ethnicity,Hispanic,State,,,,438706,63024,14.37%
2022,Race-Ethnicity,Multiracial,State,,,,18278,3183,17.41%
2022,Race-Ethnicity,Native American,State,,,,5510,883,16.03%
2022,Race-Ethnicity,Other/Unknown,State,,,,74568,9696,13.00%
2022,Race-Ethnicity,White,State,,,,805717,113702,14.11%
2022,Sex,Female,State,,,,816382,112571,13.79%
2022,Sex,Male,State,,,,827705,125897,15.21%
2022,Overall,Overall,Alameda,,,,56732,9088,16.02%
2022,Overall,Overall,Alpine,,,,10,4,40.00%
2022,Overall,Overall,Amador,,,,2472,323,13.07%
2022,Overall,Overall,Butte,,,,17966,3214,17.89%
2022,Overall,Overall,Calaveras,,,,2524,386,15.29%
2022,Overall,Overall,Colusa,,,,903,104,11.52%
2022,Overall,Overall,Contra Costa,,,,46208,6982,15.11%
2022,Overall,Overall,Del Norte,,,,1341,151,11.26%
2022,Overall,Overall,El Dorado,,,,8987,1237,13.76%
2022,Overall,Overall,Fresno,,,,47111,7159,15.20%
2022,Overall,Overall,Glenn,,,,1757,252,14.34%
2022,Overall,Overall,Humboldt,,,,6159,737,11.97%
2022,Overall,Overall,Imperial,,,,6673,908,13.61%
2022,Overall,Overall,Inyo,,,,545,53,9.72%
2022,Overall,Overall,Kern,,,,34947,4643,13.29%
2022,Overall,Overall,Kings,,,,5429,759,13.98%
2022,Overall,Overall,Lake,,,,3966,601,15.15%
2022,Overall,Overall,Lassen,,,,579,50,8.64%
2022,Overall,Overall,Los Angeles,,,,393647,59193,15.04%
2022,Overall,Overall,Madera,,,,6058,856,14.13%
2022,Overall,Overall,Marin,,,,9375,1201,12.81%
2022,Overall,Overall,Mariposa,,,,944,137,14.51%
2022,Overall,Overall,Mendocino,,,,4607,598,12.98%
2022,Overall,Overall,Merced,,,,11712,1709,14.59%
2022,Overall,Overall,Modoc,,,,307,38,12.38%
2022,Overall,Overall,Mono,,,,229,23,10.04%
2022,Overall,Overall,Monterey,,,,18704,2429,12.99%
2022,Overall,Overall,Napa,,,,5108,688,13.47%
2022,Overall,Overall,Nevada,,,,4818,673,13.97%
2022,Overall,Overall,Orange,,,,108666,14826,13.64%
2022,Overall,Overall,Placer,,,,18518,2309,12.47%
2022,Overall,Overall,Plumas,,,,634,94,14.83%
2022,Overall,Overall,Riverside,,,,103546,14693,14.19%
2022,Overall,Overall,Sacramento,,,,70577,10399,14.73%
2022,Overall,Overall,San Benito,,,,2514,368,14.64%
2022,Overall,Overall,San Bernardino,,,,91005,13303,14.62%
2022,Overall,Overall,San Diego,,,,144735,20302,14.03%
2022,Overall,Overall,San Francisco,,,,31810,4910,15.44%
2022,Overall,Overall,San Joaquin,,,,32288,4998,15.48%
2022,Overall,Overall,San Luis Obispo,,,,11343,1419,12.51%
2022,Overall,Overall,San Mateo,,,,22807,3049,13.37%
2022,Overall,Overall,Santa Barbara,,,,17333,2136,12.32%
2022,Overall,Overall,Santa Clara,,,,58551,8629,14.74%
2022,Overall,Overall,Santa Cruz,,,,9591,1216,12.68%
2022,Overall,Overall,Shasta,,,,12200,1529,12.53%
2022,Overall,Overall,Sierra,,,,73,10,13.70%
2022,Overall,Overall,Siskiyou,,,,1667,195,11.70%
2022,Overall,Overall,Solano,,,,17339,2481,14.31%
2022,Overall,Overall,Sonoma,,,,21315,3062,14.37%
2022,Overall,Overall,Stanislaus,,,,27600,3821,13.84%
2022,Overall,Overall,Sutter,,,,4755,691,14.53%
2022,Overall,Overall,Tehama,,,,3291,441,13.40%
2022,Overall,Overall,Trinity,,,,675,91,13.48%
2022,Overall,Overall,Tulare,,,,18119,2204,12.16%
2022,Overall,Overall,Tuolumne,,,,3236,472,14.59%
2022,Overall,Overall,Ventura,,,,34253,4771,13.93%
2022,Overall,Overall,Yolo,,,,7045,1005,14.27%
2022,Overall,Overall,Yuba,,,,4237,631,14.89%
2023,Overall,Overall,State,,,,1697727,253967,14.96%
2023,Age,18 to 44 years,State,,,,256769,32576,12.69%
2023,Age,45 to 64 years,State,,,,483957,74549,15.40%
2023,Age,65 years and above,State,,,,957001,146842,15.34%
2023,Sex,Female,State,,,,842642,120100,14.25%
2023,Sex,Male,State,,,,855085,133867,15.66%
2023,Race-Ethnicity,African-American,State,,,,158576,28695,18.10%
2023,Race-Ethnicity,Asian/Pacific Islander,State,,,,156928,23294,14.84%
2023,Race-Ethnicity,Hispanic,State,,,,453645,66194,14.59%
2023,Race-Ethnicity,Multiracial,State,,,,18189,3094,17.01%
2023,Race-Ethnicity,Native American,State,,,,5839,936,16.03%
2023,Race-Ethnicity,Other/Unknown,State,,,,74463,9887,13.28%
2023,Race-Ethnicity,White,State,,,,830087,121867,14.68%
2023,Expected Payer,Medi-Cal,State,,,,367860,58075,15.79%
2023,Expected Payer,MediCare,State,,,,960461,152755,15.90%
2023,Expected Payer,Other,State,,,,43008,5269,12.25%
2023,Expected Payer,Private,State,,,,311800,36703,11.77%
2023,Expected Payer,Self-Pay,State,,,,14598,1165,7.98%
2023,Overall,Overall,Alameda,,,,59116,9822,16.61%
2023,Overall,Overall,Alpine,,,,12,2,16.67%
2023,Overall,Overall,Amador,,,,2689,428,15.92%
2023,Overall,Overall,Butte,,,,17814,3210,18.02%
2023,Overall,Overall,Calaveras,,,,2798,432,15.44%
2023,Overall,Overall,Colusa,,,,1100,163,14.82%
2023,Overall,Overall,Contra Costa,,,,47571,7295,15.33%
2023,Overall,Overall,Del Norte,,,,1436,188,13.09%
2023,Overall,Overall,El Dorado,,,,9103,1285,14.12%
2023,Overall,Overall,Fresno,,,,47350,7387,15.60%
2023,Overall,Overall,Glenn,,,,1715,272,15.86%
2023,Overall,Overall,Humboldt,,,,6247,759,12.15%
2023,Overall,Overall,Imperial,,,,7031,966,13.74%
2023,Overall,Overall,Inyo,,,,571,51,8.93%
2023,Overall,Overall,Kern,,,,34907,4826,13.83%
2023,Overall,Overall,Kings,,,,5025,720,14.33%
2023,Overall,Overall,Lake,,,,4400,689,15.66%
2023,Overall,Overall,Lassen,,,,603,54,8.96%
2023,Overall,Overall,Los Angeles,,,,412254,63767,15.47%
2023,Overall,Overall,Madera,,,,6389,892,13.96%
2023,Overall,Overall,Marin,,,,10677,1548,14.50%
2023,Overall,Overall,Mariposa,,,,962,136,14.14%
2023,Overall,Overall,Mendocino,,,,4872,727,14.92%
2023,Overall,Overall,Merced,,,,11073,1659,14.98%
2023,Overall,Overall,Modoc,,,,298,24,8.05%
2023,Overall,Overall,Mono,,,,236,23,9.75%
2023,Overall,Overall,Monterey,,,,20354,2966,14.57%
2023,Overall,Overall,Napa,,,,5535,820,14.81%
2023,Overall,Overall,Nevada,,,,5083,697,13.71%
2023,Overall,Overall,Orange,,,,119021,16839,14.15%
2023,Overall,Overall,Placer,,,,20880,2947,14.11%
2023,Overall,Overall,Plumas,,,,590,78,13.22%
2023,Overall,Overall,Riverside,,,,110387,16420,14.87%
2023,Overall,Overall,Sacramento,,,,75117,11269,15.00%
2023,Overall,Overall,San Benito,,,,2282,312,13.67%
2023,Overall,Overall,San Bernardino,,,,98339,14784,15.03%
2023,Overall,Overall,San Diego,,,,149232,21652,14.51%
2023,Overall,Overall,San Francisco,,,,36004,6123,17.01%
2023,Overall,Overall,San Joaquin,,,,33680,5196,15.43%
2023,Overall,Overall,San Luis Obispo,,,,11587,1447,12.49%
2023,Overall,Overall,San Mateo,,,,24112,3396,14.08%
2023,Overall,Overall,Santa Barbara,,,,17646,2231,12.64%
2023,Overall,Overall,Santa Clara,,,,62896,9727,15.47%
2023,Overall,Overall,Santa Cruz,,,,9996,1266,12.67%
2023,Overall,Overall,Shasta,,,,12862,1669,12.98%
2023,Overall,Overall,Sierra,,,,87,10,11.49%
2023,Overall,Overall,Siskiyou,,,,1787,318,17.80%
2023,Overall,Overall,Solano,,,,18270,2790,15.27%
2023,Overall,Overall,Sonoma,,,,22465,3330,14.82%
2023,Overall,Overall,Stanislaus,,,,29234,4365,14.93%
2023,Overall,Overall,Sutter,,,,5209,746,14.32%
2023,Overall,Overall,Tehama,,,,3247,467,14.38%
2023,Overall,Overall,Trinity,,,,650,82,12.62%
2023,Overall,Overall,Tulare,,,,17918,2483,13.86%
2023,Overall,Overall,Tuolumne,,,,3251,485,14.92%
2023,Overall,Overall,Ventura,,,,35807,5244,14.65%
2023,Overall,Overall,Yolo,,,,7760,1195,15.40%
2023,Overall,Overall,Yuba,,,,4671,740,15.84%
